{
	"description": "项目配置文件。",
	"setting": {
		"urlCheck": false,
		"es6": true,
		"postcss": true,
		"minified": true,
		"newFeature": true
	},
	"compileType": "miniprogram",
	"libVersion": "1.9.94",
	"isGameTourist": false,
	"appid": "wx3b7c36fbd84c2009",
	"projectname": "lalangapp",
	"condition": {
		"search": {
			"current": -1,
			"list": []
		},
		"conversation": {
			"current": -1,
			"list": []
		},
		"plugin": {
			"current": -1,
			"list": []
		},
		"game": {
			"currentL": -1,
			"list": []
		},
		"miniprogram": {
			"current": 1,
			"list": [
				{
					"id": -1,
					"name": "myBooks",
					"pathName": "pages/myBooks/myBooks",
					"query": ""
				},
				{
					"id": -1,
					"name": "shows",
					"pathName": "pages/shows/shows",
					"query": ""
				},
				{
					"id": 3,
					"name": "detail",
					"pathName": "pages/detail/detail",
					"query": ""
				},
				{
					"id": -1,
					"name": "my",
					"pathName": "pages/my/my",
					"query": ""
				},
				{
					"id": -1,
					"name": "comment",
					"pathName": "pages/comment/comment",
					"query": ""
				}
			]
		}
	}
}